index,title,link,Type,Contract,Floor,Lift,Surface,Rooms,Bed,Bath,Furnished,Terrace,Garage,price
0,"Apartment first floor, Gasperich-Cloche d’or, Luxembourg",https://www.immotop.lu/en/annonces/1664539/,Apartment,Rent,1,No,33 m²,0,0,0,0,No,0,"€ 1,600/month"
1,"Multi-family detached house 97b rue Laurent Menager, Pfaffenthal, Luxembourg",https://www.immotop.lu/en/annonces/1701729/,Multi-family detached house,Rent,Ground floor,No,140 m²,2,2,1,0,0,0,"€ 2,990/month"
2,"1-bedroom flat 8 rue Baudouin, Hollerich, Luxembourg",https://www.immotop.lu/en/annonces/219413/,Apartment,Rent,1,No,90 m²,1,1,1,Yes,0,0,"€ 2,150/month"
3,"2-room flat new, second floor, Cessange, Luxembourg",https://www.immotop.lu/en/annonces/1517325/,Apartment,Rent,2,Yes,72 m²,2,2,1,0,No,"1 in garage/box, 1 in shared parking","€ 2,600/month
€ 3,000(-13.3%)"
4,"2-room flat 2A, Millewee, Helmsange, Walferdange",https://www.immotop.lu/en/annonces/1702853/,Apartment,Rent,1,Yes,87 m²,2,2,2,0,Yes,1 in shared parking,"€ 2,400/month"
5,"Single-family detached house 215 m², Junglinster Localité, Junglinster",https://www.immotop.lu/en/annonces/1626529/,Single-family detached house,Rent,Ground floor,No,215 m²,4,4,2,0,Yes,0,"€ 3,800/month"
6,"3-room flat new, third floor, Bereldange, Walferdange",https://www.immotop.lu/en/annonces/1692621/,Apartment,Rent,3,Yes,98 m²,3,3,2,0,0,0,"€ 2,540/month"
7,"Single-family detached house 150 m², Gasperich-Cloche d’or, Luxembourg",https://www.immotop.lu/en/annonces/1698867/,Single-family detached house,Rent,Ground floor,No,150 m²,4,4,2,0,0,0,"€ 3,750/month"
8,"2-room flat second floor, Merl, Luxembourg",https://www.immotop.lu/en/annonces/1698269/,Apartment,Rent,2,Yes,83 m²,2,2,1,0,0,0,"€ 2,200/month"
9,"Single-family detached house 200 m², Dalheim Localité, Dalheim",https://www.immotop.lu/en/annonces/1698467/,Single-family detached house,Rent,Ground floor,No,200 m²,4,4,2,0,No,0,"€ 3,200/month"
10,"2-room flat rue de Mamer, Bertrange",https://www.immotop.lu/en/annonces/1701295/,Apartment,Rent,Ground floor,Yes,86 m²,2,2,1,Yes,Yes,0,"€ 2,950/month"
11,"1-bedroom flat 2 Place de France, Belair, Luxembourg",https://www.immotop.lu/en/annonces/944451/,Apartment,Rent,2,Yes,42 m²,1,1,1,Yes,0,0,"€ 2,300/month"
12,"Single-family detached house Duerfstrooss, 69, Tarchamps, Lac de la Haute Sûre",https://www.immotop.lu/en/annonces/1691295/,Single-family detached house,Rent,Ground floor,No,180 m²,3,3,1,0,Yes,0,"€ 2,300/month"
13,"3-room flat new, second floor, Limpertsberg, Luxembourg",https://www.immotop.lu/en/annonces/1593991/,Apartment,Rent,2,Yes,115 m²,3,3,2,0,No,2 in shared parking,"€ 4,650/month"
14,"1-bedroom flat third floor, Alzingen, Hesperange",https://www.immotop.lu/en/annonces/1676629/,Apartment,Rent,3,Yes,67 m²,1,1,1,0,No,0,"€ 1,900/month"
15,"Single-family detached house 200 m², excellent condition, Belair, Luxembourg",https://www.immotop.lu/en/annonces/1700835/,Single-family detached house,Rent,Ground floor,No,200 m²,5+,6,1,0,0,0,"€ 4,400/month"
16,"Duplex for rent, Moersdorf, Rosport-Mompach",https://www.immotop.lu/en/annonces/1589749/,Duplex,Rent,Ground floor,No,75 m²,3,3,0,0,Yes,0,"€ 3,200/month"
17,"Duplex for rent, Moersdorf, Rosport-Mompach",https://www.immotop.lu/en/annonces/1589785/,Duplex,Rent,Ground floor,No,60 m²,3,3,0,0,Yes,0,"€ 2,600/month"
18,"Duplex for rent, Moersdorf, Rosport-Mompach",https://www.immotop.lu/en/annonces/1589787/,Duplex,Rent,Ground floor,No,173 m²,3,3,0,0,Yes,0,"€ 5,000/month"
19,"2-room flat 7 rue Nicolas Wester, Alzingen, Hesperange",https://www.immotop.lu/en/annonces/243675/,Apartment,Rent,1,No,94 m²,2,2,1,0,Yes,0,"€ 1,700/month"
20,"Penthouse 100 m² with terrace, Limpertsberg, Luxembourg",https://www.immotop.lu/en/annonces/1695427/,Penthouse,Rent,5,Yes,100 m²,2,2,2,0,Yes,0,"€ 3,500/month"
21,"1-bedroom flat rue Zithe, Ville Haute, Luxembourg",https://www.immotop.lu/en/annonces/1680715/,Apartment,Rent,5,Yes,67 m²,1,1,1,Yes,0,0,"€ 1,450/month"
22,"2-room flat 17 route de Boevange, Bissen Localité, Bissen",https://www.immotop.lu/en/annonces/1675141/,Apartment,Rent,Ground floor,Yes,81 m²,2,2,1,0,No,0,"€ 2,000/month"
23,"Studio for rent, Ville Haute, Luxembourg",https://www.immotop.lu/en/annonces/1696789/,Studio,Rent,Ground floor,No,0,1,1,1,0,No,1 in garage/box,"€ 1,250/month"
24,"Duplex 16A rue belle vue, Berschbach, Rollingen, Mersch",https://www.immotop.lu/en/annonces/393293/,Duplex,Rent,Ground floor,No,120 m²,0,0,1,0,Yes,1 in garage/box,"€ 2,250/month"
25,"2-room flat Rue de Contern, Itzig, Hesperange",https://www.immotop.lu/en/annonces/1638171/,Apartment,Rent,1,No,98 m²,2,2,2,0,Yes,"1 in garage/box, 1 in shared parking","€ 2,200/month"
26,"Duplex for rent, Steinsel Localité, Steinsel",https://www.immotop.lu/en/annonces/1695779/,Duplex,Rent,1,No,75 m²,2,2,2,Yes,0,0,"€ 2,150/month"
27,"Single-family detached house 153 m², Gasperich-Cloche d’or, Luxembourg",https://www.immotop.lu/en/annonces/1678057/,Single-family detached house,Rent,Ground floor,No,153 m²,4,4,2,0,Yes,1 in garage/box,"€ 3,350/month"
28,"Single-family detached house 22 rue de l'Alzette, Helmsange, Walferdange",https://www.immotop.lu/en/annonces/1661913/,Single-family detached house,Rent,Ground floor,No,260 m²,5,5,2,0,0,0,"€ 4,000/month"
29,"1-bedroom flat third floor, Muhlenbach, Luxembourg",https://www.immotop.lu/en/annonces/1666521/,Apartment,Rent,3,Yes,67 m²,1,1,1,0,No,0,"€ 1,900/month"
30,"1-bedroom flat 13, rue d'Orange, Belair, Luxembourg",https://www.immotop.lu/en/annonces/1340847/,Apartment,Rent,2,Yes,52 m²,1,1,1,Yes,0,0,"€ 2,500/month"
31,"2-room flat excellent condition, ground floor, Ville Haute, Luxembourg",https://www.immotop.lu/en/annonces/1674145/,Apartment,Rent,Ground floor,No,110 m²,2,2,1,0,0,0,"€ 2,800/month"
32,"1-bedroom flat excellent condition, sixth floor, Ville Haute, Luxembourg",https://www.immotop.lu/en/annonces/958367/,Apartment,Rent,6,Yes,50 m²,1,1,1,Yes,0,0,"€ 1,700/month"
33,"1-bedroom flat excellent condition, first floor, Lintgen Localité, Lintgen",https://www.immotop.lu/en/annonces/1695181/,Apartment | Timeshare,Rent,1,Yes,65 m²,1,1,1,Only Kitchen Furnished,0,0,"€ 1,500/month"
34,"2-room flat Boulevard de la Fraternité, Bonnevoie-Verlorenkost, Luxembourg",https://www.immotop.lu/en/annonces/1693101/,Apartment,Rent,2,No,84 m²,2,2,1,0,0,0,"€ 2,250/month"
35,"1-bedroom flat 22, Val saint André, Rollingergrund, Luxembourg",https://www.immotop.lu/en/annonces/1659203/,Apartment,Rent,2,No,45 m²,1,1,0,0,No,1 in garage/box,"€ 1,700/month"
36,"2-room flat ground floor, Aspelt, Frisange",https://www.immotop.lu/en/annonces/1673837/,Apartment,Rent,Ground floor,No,91 m²,2,2,1,0,Yes,"1 in garage/box, 1 in shared parking","€ 1,725/month"
37,"2-room flat excellent condition, first floor, Bech Localité, Bech",https://www.immotop.lu/en/annonces/1703415/,Apartment,Rent,1,No,95 m²,2,2,1,0,0,0,"€ 1,900/month"
38,"2-room flat excellent condition, first floor, Gare, Luxembourg",https://www.immotop.lu/en/annonces/1579699/,Apartment,Rent,1,No,97 m²,2,2,1,Yes,0,0,"€ 2,550/month"
39,"2-room flat rue Jean l'Aveugle, Limpertsberg, Luxembourg",https://www.immotop.lu/en/annonces/1703389/,Apartment,Rent,1,Yes,95 m²,2,2,1,Yes,0,0,"€ 3,200/month"
40,"2-room flat third floor, Roeser Localité, Roeser",https://www.immotop.lu/en/annonces/1686945/,Apartment,Rent,3,No,96 m²,2,2,1,Yes,No,0,"€ 2,000/month"
41,"1-bedroom flat first floor, Belair, Luxembourg",https://www.immotop.lu/en/annonces/1687265/,Apartment,Rent,1,No,0,1,1,1,Yes,0,0,"€ 1,800/month"
42,"Duplex for rent, Strassen",https://www.immotop.lu/en/annonces/1694043/,Duplex,Rent,3,No,80 m²,2,2,1,0,No,1 in garage/box,"€ 2,150/month"
43,"1-bedroom flat second floor, Ettelbruck Localité, Ettelbruck",https://www.immotop.lu/en/annonces/1701761/,Apartment,Rent,2,No,62 m²,1,1,1,0,0,0,"€ 1,500/month"
44,"1-bedroom flat 8 Rue de Beggen, 1220 Eich Luxembourg, Eich, Luxembourg",https://www.immotop.lu/en/annonces/1479779/,Apartment,Rent,Ground floor,Yes,65 m²,1,1,1,Yes,0,0,"€ 2,380/month"
45,"2-room flat Rue Lucien Thiel,ID7, Luxembourg, Kirchberg, Luxembourg",https://www.immotop.lu/en/annonces/1605079/,Apartment,Rent,6,Yes,87 m²,2,2,1,Yes,0,0,"€ 3,940/month"
46,"Single-family detached house 125 m², Bous Localité, Bous",https://www.immotop.lu/en/annonces/1659767/,Single-family detached house,Rent,Ground floor,No,125 m²,3,3,1,0,Yes,0,"€ 2,500/month"
47,"1-bedroom flat new, ground floor, Gare, Luxembourg",https://www.immotop.lu/en/annonces/1659141/,Apartment,Rent,Ground floor,Yes,66 m²,1,1,1,0,No,1 in shared parking,"€ 1,850/month"
48,"1-bedroom flat new, ground floor, Gare, Luxembourg",https://www.immotop.lu/en/annonces/1659151/,Apartment,Rent,Ground floor,Yes,41 m²,1,1,1,0,Yes,1 in shared parking,"€ 1,870/month"
49,"2-room flat 100, rue de cessange, Cessange, Luxembourg",https://www.immotop.lu/en/annonces/1664383/,Apartment,Rent,2,Yes,90 m²,2,2,1,0,0,0,"€ 2,100/month"
50,"3-room flat 28, rue A-F Van der Meulen, Dommeldange, Luxembourg",https://www.immotop.lu/en/annonces/1693793/,Apartment,Rent,Ground floor,Yes,112 m²,3,3,2,0,Yes,0,"€ 3,300/month"
51,"3-room flat ground floor, Mondorf-les-Bains Localité, Mondorf-les-Bains",https://www.immotop.lu/en/annonces/1699149/,Apartment,Rent,Ground floor,No,135 m²,3,3,1,0,Yes,1 in garage/box,"€ 2,300/month"
52,"Duplex for rent, Stadtbredimus Localité, Stadtbredimus",https://www.immotop.lu/en/annonces/1531105/,Duplex,Rent,2,No,116 m²,2,2,1,0,Yes,0,"€ 2,650/month
€ 2,800(-5.4%)"
53,"3-room flat third floor, Gasperich-Cloche d’or, Luxembourg",https://www.immotop.lu/en/annonces/1677747/,Apartment,Rent,3,No,100 m²,3,3,1,0,No,0,"€ 2,300/month"
54,"Penthouse 70 m² with balcony, Heinerscheid, Fossenhof, Lausdorn, Clervaux",https://www.immotop.lu/en/annonces/1684417/,Penthouse,Rent,2,Yes,70 m²,1,1,1,0,No,0,"€ 1,400/month"
55,"Duplex for rent, Strassen",https://www.immotop.lu/en/annonces/1695495/,Duplex,Rent,Ground floor,No,74 m²,2,2,1,0,Yes,0,"€ 2,400/month"
56,"2-room flat excellent condition, first floor, Itzig, Hesperange",https://www.immotop.lu/en/annonces/1698221/,Apartment,Rent,1,No,82 m²,2,2,1,0,0,0,"€ 1,750/month"
57,"1-bedroom flat new, second floor, Bridel, Kopstal",https://www.immotop.lu/en/annonces/1651401/,Apartment,Rent,2,Yes,62 m²,1,1,1,0,Yes,0,"€ 2,000/month"
58,"1-bedroom flat excellent condition, first floor, Gare, Luxembourg",https://www.immotop.lu/en/annonces/1663215/,Apartment,Rent,1,Yes,45 m²,1,1,1,Yes,No,0,"€ 1,900/month"
59,"1-bedroom flat second floor, Belvaux, Sanem",https://www.immotop.lu/en/annonces/1685917/,Apartment,Rent,2,Yes,71 m²,1,1,1,0,No,0,"€ 1,650/month"
60,"1-bedroom flat Rue des Muguets, Neudorf-Weimershof, Luxembourg",https://www.immotop.lu/en/annonces/1665337/,Apartment,Rent,Ground floor,Yes,53 m²,1,1,1,0,Yes,0,"€ 2,600/month"
61,"2-room flat Rue des Muguets, Neudorf-Weimershof, Luxembourg",https://www.immotop.lu/en/annonces/1665335/,Apartment,Rent,1,Yes,79 m²,2,2,1,0,0,0,"€ 3,500/month"
62,"1-bedroom flat Rue des Muguets, Neudorf-Weimershof, Luxembourg",https://www.immotop.lu/en/annonces/1665339/,Apartment,Rent,Ground floor,Yes,54 m²,1,1,1,0,Yes,0,"€ 2,600/month"
63,"2-room flat Rue des Muguets, Neudorf-Weimershof, Luxembourg",https://www.immotop.lu/en/annonces/1665333/,Apartment,Rent,1,Yes,79 m²,2,2,1,0,0,0,"€ 3,500/month"
64,"1-bedroom flat Boulevard J.F. Kennedy, Al-Esch, Esch-sur-Alzette",https://www.immotop.lu/en/annonces/1698645/,Apartment,Rent,2,Yes,40 m²,1,1,1,Yes,0,0,"€ 1,600/month"
65,"2-room flat excellent condition, second floor, Belair, Luxembourg",https://www.immotop.lu/en/annonces/1673843/,Apartment,Rent,2,Yes,87 m²,2,2,1,0,Yes,0,"€ 2,300/month"
66,"2-room flat second floor, Mamer Localité, Mamer",https://www.immotop.lu/en/annonces/1698551/,Apartment,Rent,2,No,85 m²,2,2,1,0,0,0,"€ 2,200/month"
67,"3-room flat ground floor, Limpertsberg, Luxembourg",https://www.immotop.lu/en/annonces/1657341/,Apartment,Rent,Ground floor,Yes,198 m²,3,3,2,0,Yes,0,"€ 4,200/month"
68,"Multi-family detached house Rent, Bonnevoie-Verlorenkost, Luxembourg",https://www.immotop.lu/en/annonces/1657107/,Multi-family detached house,Rent,Ground floor,No,0,5,5,3,0,Yes,0,"€ 4,000/month"
69,"4-room flat second floor, Medingen, Moutfort, Contern",https://www.immotop.lu/en/annonces/1577431/,Apartment,Rent,2,Yes,156 m²,4,4,3,0,Yes,0,"€ 3,850/month"
70,"4-room flat first floor, Medingen, Moutfort, Contern",https://www.immotop.lu/en/annonces/1577403/,Apartment,Rent,1,Yes,156 m²,4,4,3,0,Yes,0,"€ 3,750/month"
71,"3-room flat first floor, Medingen, Moutfort, Contern",https://www.immotop.lu/en/annonces/1577381/,Apartment,Rent,1,Yes,129 m²,3,3,2,0,No,0,"€ 3,250/month"
72,"Duplex for rent, Medingen, Moutfort, Contern",https://www.immotop.lu/en/annonces/1577427/,Duplex,Rent,1,Yes,236 m²,5,5,3,0,Yes,0,"€ 4,550/month"
73,"1-bedroom flat ground floor, Muhlenbach, Luxembourg",https://www.immotop.lu/en/annonces/1694661/,Apartment,Rent,Ground floor,Yes,49 m²,1,1,1,0,0,0,"€ 1,750/month"
74,"Single-family detached house 150 m², Ville Haute, Luxembourg",https://www.immotop.lu/en/annonces/1700063/,Single-family detached house,Rent,3,No,150 m²,4,4,2,0,0,0,"€ 3,850/month"
75,"1-bedroom flat third floor, Belair, Luxembourg",https://www.immotop.lu/en/annonces/1640931/,Apartment,Rent,3,Yes,52 m²,1,1,2,0,0,0,"€ 1,780/month"
76,"Single-family detached house 142 m², Alzingen, Hesperange",https://www.immotop.lu/en/annonces/1534053/,Single-family detached house,Rent,Ground floor,No,142 m²,3,3,2,0,0,0,"€ 3,300/month"
77,"Studio avenue du X Septembre, Belair, Luxembourg",https://www.immotop.lu/en/annonces/1698543/,Studio,Rent,4,Yes,30 m²,0,0,2,0,No,1 in shared parking,"€ 1,500/month"
78,"1-bedroom flat second floor, Merl, Luxembourg",https://www.immotop.lu/en/annonces/1694989/,Apartment,Rent,2,No,72 m²,1,1,1,0,No,0,"€ 2,000/month"
79,"2-room flat first floor, Kehlen Localité, Kehlen",https://www.immotop.lu/en/annonces/1686389/,Apartment,Rent,1,Yes,80 m²,2,2,1,0,0,0,"€ 1,950/month"
80,"2-room flat new, first floor, Limpertsberg, Luxembourg",https://www.immotop.lu/en/annonces/1689923/,Apartment,Rent,1,Yes,106 m²,2,2,2,0,No,0,"€ 4,400/month"
81,"Multi-family detached house 160 m², Bridel, Kopstal",https://www.immotop.lu/en/annonces/1690769/,Multi-family detached house,Rent,2,No,160 m²,3,3,3+,0,Yes,0,"€ 3,600/month"
82,"2-room flat ground floor, Merl, Luxembourg",https://www.immotop.lu/en/annonces/1698633/,Apartment,Rent,Ground floor,Yes,86 m²,2,2,1,0,0,0,"€ 2,200/month"
83,"1-bedroom flat ground floor, Limpertsberg, Luxembourg",https://www.immotop.lu/en/annonces/1636919/,Apartment,Rent,Ground floor,Yes,50 m²,1,1,1,0,Yes,0,"€ 1,800/month"
84,"2-room flat third floor, Cessange, Luxembourg",https://www.immotop.lu/en/annonces/1641703/,Apartment,Rent,3,Yes,90 m²,2,2,1,0,Yes,0,"€ 2,500/month"
85,"2-room flat ground floor, Bertrange",https://www.immotop.lu/en/annonces/1676585/,Apartment,Rent,Ground floor,Yes,91 m²,2,2,1,0,Yes,1 in shared parking,"€ 3,200/month"
86,"1-bedroom flat second floor, Merl, Luxembourg",https://www.immotop.lu/en/annonces/1686397/,Apartment,Rent,2,Yes,50 m²,1,1,1,Yes,0,0,"€ 1,950/month"
87,"1-bedroom flat first floor, Beggen, Luxembourg",https://www.immotop.lu/en/annonces/1697227/,Apartment,Rent,1,No,60 m²,1,1,2,0,No,0,"€ 1,730/month"
88,"1-bedroom flat third floor, Cessange, Luxembourg",https://www.immotop.lu/en/annonces/1696943/,Apartment,Rent,3,Yes,50 m²,1,1,0,0,No,0,"€ 1,750/month"
89,"1-bedroom flat ground floor, Bonnevoie-Verlorenkost, Luxembourg",https://www.immotop.lu/en/annonces/1698509/,Apartment,Rent,Ground floor,No,55 m²,1,1,1,0,No,0,"€ 1,490/month"
90,"2-room flat second floor, Belair, Luxembourg",https://www.immotop.lu/en/annonces/1685459/,Apartment,Rent,2,No,94 m²,2,2,1,0,0,0,"€ 2,700/month"
91,"1-bedroom flat second floor, Mondorf-les-Bains Localité, Mondorf-les-Bains",https://www.immotop.lu/en/annonces/1695431/,Apartment,Rent,2,Yes,58 m²,1,1,1,0,No,0,"€ 1,500/month"
92,"1-bedroom flat second floor, Belair, Luxembourg",https://www.immotop.lu/en/annonces/1685453/,Apartment,Rent,2,No,65 m²,1,1,1,0,0,0,"€ 2,500/month"
93,"Studio for rent, Ville Haute, Luxembourg",https://www.immotop.lu/en/annonces/1690351/,Studio,Rent,2,No,28 m²,0,0,1,0,No,0,"€ 1,550/month"
94,"Single-family detached house 230 m², Lamadelaine, Pétange",https://www.immotop.lu/en/annonces/1696229/,Single-family detached house,Rent,Ground floor,No,230 m²,4,4,2,0,Yes,0,"€ 2,400/month"
95,"3-room flat first floor, Pétange Localité, Pétange",https://www.immotop.lu/en/annonces/1700429/,Apartment,Rent,1,Yes,105 m²,3,3,0,0,No,"1 in garage/box, 1 in shared parking","€ 1,900/month"
96,"2-room flat third floor, Rodange, Pétange",https://www.immotop.lu/en/annonces/1678075/,Apartment,Rent,3,No,100 m²,2,2,1,0,0,0,"€ 1,700/month"
97,"Studio 21, Rue Leonardo Da Vinci, Gasperich-Cloche d’or, Luxembourg",https://www.immotop.lu/en/annonces/1652627/,Studio,Rent,3,Yes,34 m²,0,0,1,Yes,No,1 in shared parking,"€ 1,600/month
€ 1,700(-5.9%)"
98,"2-room flat 3, Rue Belle-Vue, Limpertsberg, Luxembourg",https://www.immotop.lu/en/annonces/1650733/,Apartment,Rent,5,Yes,89 m²,2,2,1,0,No,0,"€ 2,400/month"
99,"Single-family detached house 221 m², Junglinster Localité, Junglinster",https://www.immotop.lu/en/annonces/1686967/,Single-family detached house,Rent,Ground floor,No,221 m²,5,5,2,0,Yes,0,"€ 4,000/month"
100,"1-bedroom flat excellent condition, second floor, Ville Haute, Luxembourg",https://www.immotop.lu/en/annonces/1687875/,Apartment,Rent,2,Yes,34 m²,1,1,1,Yes,0,0,"€ 2,000/month"
101,"1-bedroom flat excellent condition, second floor, Ville Haute, Luxembourg",https://www.immotop.lu/en/annonces/1687879/,Apartment,Rent,2,Yes,35 m²,1,1,1,Yes,0,0,"€ 1,995/month"
102,"Single-family detached house Rue Herbert Schaefer, Gasperich-Cloche d’or, Luxembourg",https://www.immotop.lu/en/annonces/1698147/,Single-family detached house,Rent,Ground floor,No,160 m²,4,4,2,0,0,0,"€ 3,600/month"
103,"2-room flat Rue du Commerce, Dudelange",https://www.immotop.lu/en/annonces/1700093/,Apartment,Rent,2,Yes,98 m²,2,2,1,0,No,0,"€ 2,100/month"
104,"1-bedroom flat first floor, Limpertsberg, Luxembourg",https://www.immotop.lu/en/annonces/1590397/,Apartment,Rent,1,No,32 m²,1,1,1,0,No,0,"€ 1,650/month"
105,"Multi-family detached house rue de la Malterie, Clausen, Luxembourg",https://www.immotop.lu/en/annonces/1699907/,Multi-family detached house,Rent,Ground floor,No,180 m²,4,4,3,0,0,0,"€ 3,950/month"
106,"2-room flat Antoine-François van der Meulen, Dommeldange, Luxembourg",https://www.immotop.lu/en/annonces/1679467/,Apartment,Rent,1,Yes,85 m²,2,2,1,0,0,0,"€ 2,800/month"
107,"1-bedroom flat Route d'Arlon, Belair, Luxembourg",https://www.immotop.lu/en/annonces/1678415/,Apartment,Rent,2,Yes,58 m²,1,1,1,0,0,0,"€ 1,950/month"
108,"2-room flat rue Charlemagne, Belair, Luxembourg",https://www.immotop.lu/en/annonces/1495305/,Apartment,Rent,1,No,81 m²,2,2,1,0,0,0,"€ 2,600/month"
109,"1-bedroom flat second floor, Belair, Luxembourg",https://www.immotop.lu/en/annonces/1698017/,Apartment,Rent,2,No,95 m²,1,1,1,0,0,0,"€ 2,200/month"
110,"Single-family detached house 250 m², Ville Haute, Luxembourg",https://www.immotop.lu/en/annonces/1604809/,Single-family detached house,Rent,Ground floor,No,250 m²,3,3,2,0,No,0,"€ 6,500/month"
111,"Single-family detached house 320 m², Strassen",https://www.immotop.lu/en/annonces/1675393/,Single-family detached house,Rent,Ground floor,No,320 m²,5+,6,3,0,No,1 in garage/box,"€ 4,400/month
€ 4,800(-8.3%)"
112,"Single-family detached house 220 m², Senningen, Senningerberg, Niederanven",https://www.immotop.lu/en/annonces/1615365/,Single-family detached house,Rent,Ground floor,No,220 m²,4,4,2,0,Yes,4 in shared parking,"€ 3,800/month"
113,"2-room flat second floor, Belvaux, Sanem",https://www.immotop.lu/en/annonces/1675377/,Apartment,Rent,2,Yes,75 m²,2,2,1,0,No,0,"€ 2,000/month
€ 2,200(-9.1%)"
114,"Single-family detached house 780 m², Mamer Localité, Mamer",https://www.immotop.lu/en/annonces/1438717/,Single-family detached house,Rent,Ground floor,No,780 m²,4,4,3,0,Yes,0,"€ 7,000/month
€ 8,000(-12.5%)"
115,"Loft, excellent condition, third floor, Bonnevoie-Verlorenkost, Luxembourg",https://www.immotop.lu/en/annonces/1669803/,Loft,Rent,3,No,60 m²,1,1,1,Yes,0,0,"€ 1,900/month"
116,"Single-family detached house 164 m², Mondorf-les-Bains Localité, Mondorf-les-Bains",https://www.immotop.lu/en/annonces/1674097/,Single-family detached house,Rent,Ground floor,No,164 m²,3,3,2,0,No,1 in garage/box,"€ 2,500/month"
117,"2-room flat second floor, Fentange, Hesperange",https://www.immotop.lu/en/annonces/1680007/,Apartment,Rent,2,Yes,90 m²,2,2,1,0,No,0,"€ 2,000/month"
118,"Single-family detached house 200 m², Remerschen, Schengen",https://www.immotop.lu/en/annonces/1681583/,Single-family detached house,Rent,Ground floor,No,200 m²,5,5,2,0,Yes,0,"€ 2,860/month"
119,"Studio rue des Bains, Ville Haute, Luxembourg",https://www.immotop.lu/en/annonces/1605539/,Studio,Rent,2,Yes,38 m²,0,0,1,Yes,No,0,"€ 2,000/month"
120,"Apartment avenue de la faiencerie, Limpertsberg, Luxembourg",https://www.immotop.lu/en/annonces/1696123/,Apartment,Rent,Ground floor,No,65 m²,0,0,0,0,No,0,"€ 1,850/month"
121,"Single-family detached house 13 rue Mathias Birton, Gasperich-Cloche d’or, Luxembourg",https://www.immotop.lu/en/annonces/1634673/,Single-family detached house,Rent,Ground floor,No,190 m²,4,4,2,0,Yes,0,"€ 3,800/month"
122,"1-bedroom flat first floor, Ville Haute, Luxembourg",https://www.immotop.lu/en/annonces/1652739/,Apartment,Rent,1,Yes,50 m²,1,1,1,0,Yes,0,"€ 2,000/month"
123,"Apartment excellent condition, third floor, Ville Haute, Luxembourg",https://www.immotop.lu/en/annonces/1696711/,Apartment,Rent,3,Yes,48 m²,0,0,1,Yes,No,0,"€ 1,550/month"
124,"2-room flat Rue Alfred de Musset, Limpertsberg, Luxembourg",https://www.immotop.lu/en/annonces/1683077/,Apartment,Rent,3,Yes,76 m²,2,2,2,Yes,0,0,"€ 3,350/month"
125,"2-room flat excellent condition, first floor, Belair, Luxembourg",https://www.immotop.lu/en/annonces/1671109/,Apartment,Rent,1,Yes,83 m²,2,2,1,0,0,0,"€ 2,600/month"
126,"1-bedroom flat excellent condition, first floor, Strassen",https://www.immotop.lu/en/annonces/1362465/,Apartment,Rent,1,Yes,60 m²,1,1,1,0,No,0,"€ 1,850/month"
127,"2-room flat 129 Rue De Strasbourg, Hollerich, Luxembourg",https://www.immotop.lu/en/annonces/1684741/,Apartment,Rent,Ground floor,Yes,76 m²,2,2,1,Yes,0,0,"€ 2,400/month"
128,"1-bedroom flat first floor, Ville Haute, Luxembourg",https://www.immotop.lu/en/annonces/1691693/,Apartment,Rent,1,Yes,80 m²,1,1,1,0,0,0,"€ 2,350/month"
129,"2-room flat second floor, Ville Haute, Luxembourg",https://www.immotop.lu/en/annonces/1685355/,Apartment,Rent,2,No,135 m²,2,2,2,0,0,0,"€ 3,000/month"
130,"2-room flat new, ground floor, Hollerich, Luxembourg",https://www.immotop.lu/en/annonces/1668731/,Apartment,Rent,Ground floor,No,76 m²,2,2,1,0,No,0,"€ 2,400/month"
131,"3-room flat excellent condition, third floor, Gare, Luxembourg",https://www.immotop.lu/en/annonces/1617805/,Apartment,Rent,3,No,0,3,3,1,Yes,No,0,"€ 3,300/month"
132,"Studio for rent, Ville Haute, Luxembourg",https://www.immotop.lu/en/annonces/1641519/,Studio,Rent,2,No,30 m²,0,0,1,0,No,0,"€ 1,800/month"
133,"Studio for rent, Gare, Luxembourg",https://www.immotop.lu/en/annonces/255725/,Studio,Rent,3,Yes,27 m²,0,0,1,Yes,No,0,"€ 1,400/month"
134,"2-room flat 33, Bld Prince Henri, Ville Haute, Luxembourg",https://www.immotop.lu/en/annonces/1627973/,Apartment,Rent,3,Yes,91 m²,2,2,0,0,No,0,"€ 2,500/month"
135,"Studio for rent, Limpertsberg, Luxembourg",https://www.immotop.lu/en/annonces/1696791/,Studio,Rent,Ground floor,No,0,1,1,1,0,No,0,"€ 1,250/month"
136,"1-bedroom flat Rue le Bataclan 8, Belval-Université, Esch-sur-Alzette",https://www.immotop.lu/en/annonces/1700497/,Apartment | Full ownership,Rent,2,Yes,56 m²,2,1,1,Yes,0,0,"€ 1,450/month"
137,"Studio apartment Rue Waassertrap 163, Belval Nord, Sanem",https://www.immotop.lu/en/annonces/1670915/,Apartment | Full ownership,Rent,2,Yes,43 m²,1,0,1,Partially furnished,0,0,"€ 1,400/month"
138,"Single-family detached house rue de Luxembourg, Bridel, Kopstal",https://www.immotop.lu/en/annonces/1700951/,Single-family detached house,Rent,Ground floor,No,160 m²,3,3,1,0,Yes,"1 in garage/box, 2 in shared parking","€ 2,950/month"
139,"3-room flat ground floor, Berdorf Localité, Berdorf",https://www.immotop.lu/en/annonces/1703771/,Apartment,Rent,Ground floor,No,150 m²,3,3,2,0,Yes,0,"€ 2,770/month"
140,"Studio for rent, Merl, Luxembourg",https://www.immotop.lu/en/annonces/1703769/,Studio,Rent,3,Yes,40 m²,0,0,1,0,No,0,"€ 1,450/month"
141,"2-room flat Rue des Romains, Strassen",https://www.immotop.lu/en/annonces/1700199/,Apartment,Rent,1,No,68 m²,2,2,1,0,Yes,0,"€ 1,650/month"
142,"1-bedroom flat rue de Noertzange, Schifflange",https://www.immotop.lu/en/annonces/1701757/,Apartment,Rent,1,Yes,56 m²,1,1,0,0,No,1 in garage/box,"€ 1,600/month"
143,"2-room flat ground floor, Belvaux, Sanem",https://www.immotop.lu/en/annonces/1700291/,Apartment,Rent,Ground floor,No,96 m²,2,2,1,0,Yes,"1 in garage/box, 1 in shared parking","€ 2,200/month"
144,"2-room flat second floor, Schifflange",https://www.immotop.lu/en/annonces/1701739/,Apartment,Rent,2,Yes,85 m²,2,2,1,0,No,1 in garage/box,"€ 1,450/month"
145,"1-bedroom flat third floor, Al-Esch, Esch-sur-Alzette",https://www.immotop.lu/en/annonces/1703419/,Apartment,Rent,3,No,53 m²,1,1,1,0,Yes,0,"€ 1,200/month"
146,"Single-family detached house 120 m², Al-Esch, Esch-sur-Alzette",https://www.immotop.lu/en/annonces/1661145/,Single-family detached house,Rent,Ground floor,No,120 m²,4,4,1,0,Yes,1 in garage/box,"€ 2,500/month"
147,"Duplex for rent, Aspelt, Frisange",https://www.immotop.lu/en/annonces/1648617/,Duplex,Rent,1,No,65 m²,2,2,1,0,0,0,"€ 1,750/month"
148,"2-room flat second floor, Warken, Ettelbruck",https://www.immotop.lu/en/annonces/1703039/,Apartment,Rent,2,Yes,89 m²,2,2,1,0,No,"1 in garage/box, 2 in shared parking","€ 1,650/month"
149,"Single-family detached house 9, Rue de l'Eglise, Alzingen, Hesperange",https://www.immotop.lu/en/annonces/1682123/,Single-family detached house,Rent,Ground floor,No,0,0,0,0,0,No,0,"€ 4,250/month"
150,"1-bedroom flat second floor, Niederkorn, Differdange",https://www.immotop.lu/en/annonces/347467/,Apartment,Rent,2,Yes,61 m²,1,1,1,0,Yes,0,"€ 1,500/month"
151,"1-bedroom flat third floor, Al-Esch, Esch-sur-Alzette",https://www.immotop.lu/en/annonces/1688159/,Apartment,Rent,3,No,56 m²,1,1,1,0,No,0,"€ 1,450/month"
152,"Duplex Rue Pierre Gansen, Niederkorn, Differdange",https://www.immotop.lu/en/annonces/1696199/,Duplex,Rent,3,Yes,70 m²,2,2,1,0,0,0,"€ 1,650/month"
153,"1-bedroom flat second floor, Clausen, Luxembourg",https://www.immotop.lu/en/annonces/1690681/,Apartment,Rent,2,No,56 m²,1,1,1,0,No,0,"€ 2,000/month"
154,"1-bedroom flat excellent condition, ground floor, Ville Haute, Luxembourg",https://www.immotop.lu/en/annonces/1586075/,Apartment,Rent,Ground floor,No,57 m²,1,1,1,0,Yes,0,"€ 2,350/month"
155,"2-room flat ground floor, Hesperange Localité, Hesperange",https://www.immotop.lu/en/annonces/1699505/,Apartment,Rent,Ground floor,No,90 m²,2,2,1,0,Yes,2 in shared parking,"€ 2,650/month"
156,"1-bedroom flat ground floor, Strassen",https://www.immotop.lu/en/annonces/1695601/,Apartment,Rent,Ground floor,Yes,50 m²,1,1,1,0,Yes,1 in shared parking,"€ 1,850/month"
157,"1-bedroom flat excellent condition, second floor, Al-Esch, Esch-sur-Alzette",https://www.immotop.lu/en/annonces/1701519/,Apartment,Rent,2,No,50 m²,1,1,1,Yes,0,0,"€ 1,500/month"
158,"1-bedroom flat ground floor, Grund, Luxembourg",https://www.immotop.lu/en/annonces/1620905/,Apartment,Rent,Ground floor,No,33 m²,1,1,1,0,No,0,"€ 1,750/month"
159,"Apartment ground floor, Cessange, Luxembourg",https://www.immotop.lu/en/annonces/1691629/,Apartment,Rent,Ground floor,Yes,35 m²,0,0,1,0,No,1 in shared parking,"€ 1,550/month"
160,"2-room flat 37, Rue des Muguets, Neudorf-Weimershof, Luxembourg",https://www.immotop.lu/en/annonces/1674201/,Apartment,Rent,1,Yes,80 m²,2,2,1,0,No,0,"€ 3,500/month"
161,"2-room flat 37, Rue des Muguets, Neudorf-Weimershof, Luxembourg",https://www.immotop.lu/en/annonces/1674175/,Apartment,Rent,Ground floor,Yes,80 m²,2,2,1,0,Yes,1 in garage/box,"€ 3,500/month"
162,"1-bedroom flat 37, Rue des Muguets, Neudorf-Weimershof, Luxembourg",https://www.immotop.lu/en/annonces/1674179/,Apartment,Rent,Ground floor,Yes,54 m²,1,1,1,Yes,Yes,0,"€ 2,600/month"
163,"1-bedroom flat 37, rue des Muguets, Neudorf-Weimershof, Luxembourg",https://www.immotop.lu/en/annonces/1679695/,Apartment,Rent,1,Yes,49 m²,1,1,1,Yes,0,0,"€ 2,400/month"
164,"Multi-family detached house 43, rue de Niederdonven, Ahn, Wormeldange",https://www.immotop.lu/en/annonces/1668763/,Multi-family detached house,Rent,Ground floor,No,180 m²,4,4,2,0,Yes,"1 in garage/box, 1 in shared parking","€ 3,100/month"
165,"1-bedroom flat 37, Rue des Muguets, Neudorf-Weimershof, Luxembourg",https://www.immotop.lu/en/annonces/1674203/,Apartment,Rent,Ground floor,Yes,51 m²,1,1,1,Yes,Yes,0,"€ 2,600/month"
166,"1-bedroom flat third floor, Steinfort Localité, Steinfort",https://www.immotop.lu/en/annonces/1675443/,Apartment,Rent,3,Yes,53 m²,1,1,1,Yes,0,0,"€ 1,700/month"
167,"1-bedroom flat ground floor, Merl, Luxembourg",https://www.immotop.lu/en/annonces/1703173/,Apartment,Rent,0,Yes,0,1,1,1,0,No,1 in garage/box,"€ 1,700/month"
168,"1-bedroom flat second floor, Gare, Luxembourg",https://www.immotop.lu/en/annonces/1640417/,Apartment,Rent,2,No,70 m²,1,1,1,0,Yes,0,"€ 2,100/month"
169,"2-room flat second floor, Belval-Université, Esch-sur-Alzette",https://www.immotop.lu/en/annonces/1703553/,Apartment,Rent,2,Yes,80 m²,2,2,1,Yes,0,0,"€ 1,900/month"
170,"1-bedroom flat first floor, Al-Esch, Esch-sur-Alzette",https://www.immotop.lu/en/annonces/1658541/,Apartment,Rent,1,Yes,80 m²,1,1,1,Yes,0,0,"€ 1,650/month"
171,"2-room flat second floor, Differdange Localité, Differdange",https://www.immotop.lu/en/annonces/1701723/,Apartment,Rent,2,Yes,80 m²,2,2,1,0,No,0,"€ 1,600/month"
172,"Apartment 4, Place Marie-Paule Molitur Peffer, Differdange Localité, Differdange",https://www.immotop.lu/en/annonces/1703261/,Apartment,Rent,2,Yes,31 m²,0,0,1,Yes,Yes,1 in garage/box,"€ 1,250/month"
173,"2-room flat third floor, Bettembourg Localité, Bettembourg",https://www.immotop.lu/en/annonces/1703309/,Apartment,Rent,3,Yes,80 m²,2,2,1,0,Yes,0,"€ 1,650/month"
174,"1-bedroom flat fourth floor, Limpertsberg, Luxembourg",https://www.immotop.lu/en/annonces/1647639/,Apartment,Rent,4,No,35 m²,1,1,1,0,No,0,"€ 1,590/month"
175,"2-room flat fifth floor, Ville Haute, Luxembourg",https://www.immotop.lu/en/annonces/1675111/,Apartment,Rent,5,No,60 m²,2,2,1,0,No,0,"€ 3,000/month"
176,"1-bedroom flat second floor, Ville Haute, Luxembourg",https://www.immotop.lu/en/annonces/1684651/,Apartment,Rent,2,No,82 m²,1,1,1,0,No,0,"€ 2,450/month"
177,"2-room flat new, second floor, Hosingen, Parc Hosingen",https://www.immotop.lu/en/annonces/1680637/,Apartment,Rent,2,Yes,129 m²,2,2,1,0,Yes,"1 in garage/box, 2 in shared parking","€ 1,950/month
€ 2,150(-9.3%)"
178,"Single-family detached house 160 m², Hosingen, Parc Hosingen",https://www.immotop.lu/en/annonces/1687103/,Single-family detached house,Rent,Ground floor,No,160 m²,5,5,2,0,No,1 in garage/box,"€ 2,400/month"
179,"2-room flat ground floor, Drauffelt, Clervaux",https://www.immotop.lu/en/annonces/1665053/,Apartment,Rent,Ground floor,No,80 m²,2,2,1,0,No,"1 in garage/box, 1 in shared parking","€ 1,500/month"
180,"1-bedroom flat ground floor, Weiswampach Localité, Weiswampach",https://www.immotop.lu/en/annonces/1669311/,Apartment,Rent,Ground floor,Yes,83 m²,1,1,1,0,No,1 in shared parking,"€ 1,300/month"
181,"Single-family detached house 200 m², Weiswampach Localité, Weiswampach",https://www.immotop.lu/en/annonces/1698589/,Single-family detached house,Rent,Ground floor,No,200 m²,4,4,2,0,Yes,4 in shared parking,"€ 2,500/month"
182,"1-bedroom flat first floor, Lieler, Clervaux",https://www.immotop.lu/en/annonces/1700435/,Apartment,Rent,1,No,120 m²,1,1,1,0,No,"1 in garage/box, 2 in shared parking","€ 1,650/month"
183,"3-room flat 23 rue André Duchscher, Echternach",https://www.immotop.lu/en/annonces/1703613/,Apartment,Rent,2,No,86 m²,3,3,2,0,0,0,"€ 1,500/month"
184,"2-room flat second floor, Al-Esch, Esch-sur-Alzette",https://www.immotop.lu/en/annonces/1703587/,Apartment,Rent,2,Yes,68 m²,2,2,1,0,0,0,"€ 1,650/month"
185,"1-bedroom flat first floor, Bonnevoie-Verlorenkost, Luxembourg",https://www.immotop.lu/en/annonces/1703589/,Apartment,Rent,1,No,53 m²,1,1,0,0,No,0,"€ 1,850/month"
186,"1-bedroom flat ground floor, Asselborn, Wincrange",https://www.immotop.lu/en/annonces/1703585/,Apartment,Rent,Ground floor,No,0,1,1,1,0,No,1 in shared parking,"€ 1,100/month"
187,"3-room flat new, second floor, Belair, Luxembourg",https://www.immotop.lu/en/annonces/1703501/,Apartment,Rent,2,No,122 m²,3,3,1,0,Yes,0,"€ 2,650/month"
188,"1-bedroom flat third floor, Ville Haute, Luxembourg",https://www.immotop.lu/en/annonces/1703579/,Apartment,Rent,3,Yes,67 m²,1,1,1,0,0,0,"€ 1,850/month"
189,"2-room flat second floor, Mamer Localité, Mamer",https://www.immotop.lu/en/annonces/1668821/,Apartment,Rent,2,Yes,85 m²,2,2,1,Yes,0,0,"€ 2,200/month"
190,"Multi-family detached house 5, Rue des Dahlias, Bertrange",https://www.immotop.lu/en/annonces/1698659/,Multi-family detached house,Rent,Ground floor,No,250 m²,5,5,2,0,No,0,"€ 4,100/month"
191,"Single-family detached house 5, Am Felteseck, Filsdorf, Dalheim",https://www.immotop.lu/en/annonces/1703521/,Single-family detached house,Rent,Ground floor,No,135 m²,3,3,1,0,No,1 in garage/box,"€ 2,550/month"
192,"1-bedroom flat 3368 Leudelange, Luxembourg, Leudelange",https://www.immotop.lu/en/annonces/1701667/,Apartment,Rent,1,No,45 m²,1,1,2,0,0,0,"€ 1,200/month"
193,"1-bedroom flat rue Charles Arendt, Belair, Luxembourg",https://www.immotop.lu/en/annonces/1703531/,Apartment,Rent,1,No,63 m²,1,1,1,Yes,0,0,"€ 1,800/month"
194,"Studio for rent, Merl, Luxembourg",https://www.immotop.lu/en/annonces/1703529/,Studio,Rent,2,Yes,38 m²,0,0,1,0,No,0,"€ 1,550/month"
195,"Single-family detached house 180 m², Al-Esch, Esch-sur-Alzette",https://www.immotop.lu/en/annonces/1675997/,Single-family detached house,Rent,Ground floor,No,180 m²,4,4,1,0,No,0,"€ 3,000/month
€ 3,500(-14.3%)"
196,"Single-family detached house Um Acker, Cap, Hagen, Steinfort",https://www.immotop.lu/en/annonces/1679773/,Single-family detached house,Rent,Ground floor,No,200 m²,4,4,3,0,Yes,0,"€ 3,300/month"
197,"2-room flat first floor, Al-Esch, Esch-sur-Alzette",https://www.immotop.lu/en/annonces/1703515/,Apartment,Rent,1,No,90 m²,2,2,1,0,No,0,"€ 1,600/month"
198,"2-room flat rue de Hollerich, Hollerich, Luxembourg",https://www.immotop.lu/en/annonces/1703495/,Apartment,Rent,2,Yes,83 m²,2,2,1,0,0,0,"€ 2,450/month"
199,"2-room flat rue de Hollerich, Hollerich, Luxembourg",https://www.immotop.lu/en/annonces/1633265/,Apartment,Rent,3,Yes,88 m²,2,2,2,0,0,0,"€ 2,550/month"
200,"Studio for rent, Bereldange, Walferdange",https://www.immotop.lu/en/annonces/1699457/,Studio,Rent,Ground floor,No,30 m²,0,0,0,0,No,1 in shared parking,"€ 1,290/month"
201,"2-room flat second floor, Strassen",https://www.immotop.lu/en/annonces/1703439/,Apartment,Rent,2,No,72 m²,2,2,1,0,No,0,"€ 2,400/month"
202,"2-room flat rue jean l'aveugle, Limpertsberg, Luxembourg",https://www.immotop.lu/en/annonces/1703401/,Apartment,Rent,Ground floor,Yes,100 m²,2,2,2,Yes,0,0,"€ 3,500/month"
203,"Single-family detached house 22 rue de la Ferme, Bettembourg Localité, Bettembourg",https://www.immotop.lu/en/annonces/1699477/,Single-family detached house,Rent,Ground floor,No,240 m²,5,5,3,0,Yes,"2 in garage/box, 2 in shared parking","€ 4,500/month"
204,"2-room flat 2B, Millewee, Helmsange, Walferdange",https://www.immotop.lu/en/annonces/1699469/,Apartment,Rent,3,Yes,92 m²,2,2,1,0,Yes,0,"€ 3,000/month"
205,"1-bedroom flat 37 boulevard Pierre Dupong, Lallange, Esch-sur-Alzette",https://www.immotop.lu/en/annonces/1668195/,Apartment,Rent,1,Yes,41 m²,1,1,1,0,No,0,"€ 1,475/month"
206,"Apartment 53 rue Baudouin, Hollerich, Luxembourg",https://www.immotop.lu/en/annonces/1674159/,Apartment,Rent,3,No,33 m²,0,0,1,Yes,No,"1 in garage/box, 1 in shared parking","€ 1,750/month"
207,"Apartment 2, Rue Charles VI, Gare, Luxembourg",https://www.immotop.lu/en/annonces/1632329/,Apartment,Rent,3,Yes,110 m²,0,0,0,Yes,No,0,"€ 3,000/month"
208,"2-room flat third floor, Gasperich-Cloche d’or, Luxembourg",https://www.immotop.lu/en/annonces/1664163/,Apartment,Rent,3,Yes,94 m²,2,2,1,Yes,0,0,"€ 2,200/month"
209,"3-room flat second floor, Merl, Luxembourg",https://www.immotop.lu/en/annonces/1659573/,Apartment,Rent,2,Yes,143 m²,3,3,2,0,Yes,0,"€ 4,700/month"
210,"Single-family detached house 145 m², Steinfort Localité, Steinfort",https://www.immotop.lu/en/annonces/1692125/,Single-family detached house,Rent,Ground floor,No,145 m²,3,3,2,Yes,Yes,0,"€ 2,650/month"
211,"Studio for rent, Ville Haute, Luxembourg",https://www.immotop.lu/en/annonces/1684625/,Studio,Rent,5,No,33 m²,1,1,1,Yes,No,0,"€ 1,800/month"
212,"2-room flat first floor, Senningen, Senningerberg, Niederanven",https://www.immotop.lu/en/annonces/1703345/,Apartment,Rent,1,No,90 m²,2,2,1,0,Yes,"1 in garage/box, 1 in shared parking","€ 1,850/month"
213,"1-bedroom flat 58 Route de Belvaux, Oberkorn, Differdange",https://www.immotop.lu/en/annonces/1703329/,Apartment,Rent,3,Yes,63 m²,1,1,1,0,0,0,"€ 1,450/month"
214,"2-room flat 219 Route d'Esch, Gasperich-Cloche d’or, Luxembourg",https://www.immotop.lu/en/annonces/1703327/,Apartment,Rent,4,Yes,65 m²,2,2,1,0,No,0,"€ 2,200/month"
215,"1-bedroom flat first floor, Pétange Localité, Pétange",https://www.immotop.lu/en/annonces/1662347/,Apartment,Rent,1,Yes,42 m²,1,1,0,Yes,No,0,"€ 1,600/month"
216,"1-bedroom flat first floor, Pétange Localité, Pétange",https://www.immotop.lu/en/annonces/1684895/,Apartment,Rent,1,No,42 m²,1,1,2,0,No,0,"€ 1,450/month"
217,"Apartment 1B, Op dem Pad, Wickrange, Reckange-sur-Mess",https://www.immotop.lu/en/annonces/1703291/,Apartment,Rent,Ground floor,Yes,36 m²,0,0,1,0,Yes,"1 in garage/box, 1 in shared parking","€ 1,350/month"
218,"Studio for rent, Strassen",https://www.immotop.lu/en/annonces/1703183/,Studio,Rent,2,No,35 m²,1,1,1,Yes,No,0,"€ 1,700/month"
219,"3-room flat 30, Côte d'Eich, Limpertsberg, Luxembourg",https://www.immotop.lu/en/annonces/1684943/,Apartment,Rent,2,No,98 m²,3,3,1,0,0,0,"€ 2,500/month"
220,"1-bedroom flat first floor, Hollerich, Luxembourg",https://www.immotop.lu/en/annonces/1703175/,Apartment,Rent,1,Yes,68 m²,1,1,1,0,Yes,0,"€ 2,000/month"
221,"3-room flat Place des Alliés, Differdange Localité, Differdange",https://www.immotop.lu/en/annonces/1699987/,Apartment,Rent,2,Yes,100 m²,3,3,2,0,0,0,"€ 2,250/month"
222,"1-bedroom flat second floor, Beggen, Luxembourg",https://www.immotop.lu/en/annonces/1703137/,Apartment,Rent,2,Yes,55 m²,1,1,1,0,No,"1 in garage/box, 1 in shared parking","€ 1,800/month"
223,"2-room flat first floor, Dudelange",https://www.immotop.lu/en/annonces/1703127/,Apartment,Rent,1,No,92 m²,2,2,1,0,0,0,"€ 1,650/month"
224,"2-room flat first floor, Diekirch",https://www.immotop.lu/en/annonces/1703103/,Apartment,Rent,1,No,108 m²,2,2,1,0,No,0,"€ 1,600/month"
225,"3-room flat Rue de Merl, Merl, Luxembourg",https://www.immotop.lu/en/annonces/1701521/,Apartment,Rent,2,Yes,106 m²,3,3,1,0,No,0,"€ 2,950/month"
226,"2-room flat 9, rue Jean-Pierre Kemmer, Gasperich-Cloche d’or, Luxembourg",https://www.immotop.lu/en/annonces/1666565/,Apartment,Rent,Ground floor,Yes,70 m²,2,2,1,0,Yes,0,"€ 2,700/month"
227,"1-bedroom flat first floor, Merl, Luxembourg",https://www.immotop.lu/en/annonces/1699937/,Apartment,Rent,1,Yes,61 m²,1,1,1,Yes,0,0,"€ 2,350/month"
228,"1-bedroom flat first floor, Merl, Luxembourg",https://www.immotop.lu/en/annonces/1699933/,Apartment,Rent,1,Yes,61 m²,1,1,1,Yes,Yes,0,"€ 2,350/month"
229,"Penthouse 100 m² with terrace, Hesperange Localité, Hesperange",https://www.immotop.lu/en/annonces/1703073/,Penthouse,Rent,Ground floor,Yes,100 m²,1,1,3,0,0,0,"€ 2,300/month"
230,"Single-family detached house rue Josy Welter, Walferdange Localité, Walferdange",https://www.immotop.lu/en/annonces/1661575/,Single-family detached house,Rent,Ground floor,No,70 m²,2,2,1,0,Yes,0,"€ 2,300/month"
231,"1-bedroom flat rue du Village, Godbrange, Junglinster",https://www.immotop.lu/en/annonces/1700455/,Apartment,Rent,Ground floor,Yes,56 m²,1,1,2,0,Yes,0,"€ 1,500/month"
232,"1-bedroom flat rue Jean-Pierre Sauvage, Kirchberg, Luxembourg",https://www.immotop.lu/en/annonces/1627161/,Apartment,Rent,1,Yes,52 m²,1,1,2,0,No,0,"€ 1,800/month
€ 1,900(-5.3%)"
233,"Studio for rent, Bettembourg Localité, Bettembourg",https://www.immotop.lu/en/annonces/1701719/,Studio,Rent,2,Yes,45 m²,0,0,1,0,No,0,"€ 1,250/month"
234,"3-room flat 1 Rue Eecherschmelz, 1481 Eich Luxembourg, Hamm, Luxembourg",https://www.immotop.lu/en/annonces/1698599/,Apartment,Rent,2,No,99 m²,3,3,1,0,No,0,"€ 2,600/month"
235,"1-bedroom flat 12, Rue Charlotte, Rodange, Pétange",https://www.immotop.lu/en/annonces/1698415/,Apartment,Rent,1,Yes,65 m²,1,1,1,Yes,No,0,"€ 1,800/month"
236,"2-room flat 24 rue Joseph Junck, Gare, Luxembourg",https://www.immotop.lu/en/annonces/1687109/,Apartment,Rent,4,Yes,90 m²,2,2,1,0,No,0,"€ 2,000/month"
237,"2-room flat third floor, Schieren",https://www.immotop.lu/en/annonces/1700415/,Apartment,Rent,3,Yes,107 m²,2,2,0,0,No,"1 in garage/box, 1 in shared parking","€ 1,950/month"
238,"Studio for rent, Rollingergrund, Luxembourg",https://www.immotop.lu/en/annonces/1703029/,Studio,Rent,Ground floor,No,0,0,0,0,0,No,0,"€ 1,050/month"
239,"Studio Place de paris, Gare, Luxembourg",https://www.immotop.lu/en/annonces/1703027/,Studio,Rent,1,No,0,1,1,1,Yes,No,0,"€ 1,200/month"
240,"3-room flat new, first floor, Senningen, Senningerberg, Niederanven",https://www.immotop.lu/en/annonces/1699781/,Apartment,Rent,1,No,142 m²,3,3,2,0,No,0,"€ 3,570/month"
241,"1-bedroom flat excellent condition, ground floor, Born, Rosport-Mompach",https://www.immotop.lu/en/annonces/1680705/,Apartment,Rent,Ground floor,No,60 m²,1,1,1,0,Yes,0,"€ 1,100/month"
242,"Penthouse new, 66 m², Belval-Université, Esch-sur-Alzette",https://www.immotop.lu/en/annonces/1640469/,Penthouse,Rent,7,Yes,66 m²,1,1,1,0,0,0,"€ 2,400/month"
243,"1-bedroom flat Robert Schumann, Pétange Localité, Pétange",https://www.immotop.lu/en/annonces/1690679/,Apartment,Rent,1,No,76 m²,1,1,1,0,No,0,"€ 1,500/month"
244,"2-room flat new, second floor, Senningen, Senningerberg, Niederanven",https://www.immotop.lu/en/annonces/1699815/,Apartment,Rent,2,No,126 m²,2,2,1,0,Yes,0,"€ 3,155/month"
245,"Studio for rent, Belval-Université, Esch-sur-Alzette",https://www.immotop.lu/en/annonces/1639439/,Studio,Rent,7,Yes,45 m²,0,0,1,0,No,1 in shared parking,"€ 1,900/month"
246,"Studio for rent, Mertert Localité, Mertert",https://www.immotop.lu/en/annonces/1694969/,Studio,Rent,3,Yes,41 m²,0,0,1,0,No,1 in shared parking,"€ 1,400/month"
247,"2-room flat first floor, Bereldange, Walferdange",https://www.immotop.lu/en/annonces/1680397/,Apartment,Rent,1,Yes,86 m²,2,2,1,0,No,0,"€ 2,400/month"
248,"Single-family detached house 200 m², new, Bertrange",https://www.immotop.lu/en/annonces/1665099/,Single-family detached house,Rent,Ground floor,No,200 m²,4,4,2,0,0,0,"€ 4,700/month"
249,"1-bedroom flat ground floor, Eischen, Gaichel, Habscht",https://www.immotop.lu/en/annonces/1702847/,Apartment,Rent,Ground floor,No,0,1,1,1,0,No,2 in shared parking,"€ 1,500/month"
